7. razred OŠ Čelarevo,,,
Predmet,Naziv udžbenika,MPC,Izdavač,link
Srpski jezik,Čitanka 7 - Bošković,"1,320.00",Bigz
Srpski jezik,Gramatika 7 - Stevanović,"1,160.00",Bigz
Srpski jezik,Radna sveskka 7 - Stevanović,910.00,Bigz
Geografija,Udžbenik 7 - Leščešen,"1,320.00",Bigz
Biologija,Udžbenik 7 - Bošković,"1,710.00",Bigz
Biologija,Radna sveska 7 - Bošković,910.00,Bigz
Engleski jezik,"Udžbenik 7 - English plus 3 - Wetz, Gormley","1,870.00",Logos
Istorija,Udžbenik 7 - Antić,"1,240.00",Logos
Hemija,Udžbenik 7 - Nedeljković,"1,100.00",Logos
Hemija,Laboratorijske vežbe sa zadacima 7 - Nedeljković,940.00,Logos
Tehnika i tehnologija,Udžbenik 7 - Đisalov,"1,240.00",Logos
Muzička kultura,Udžbenik 7 - Grujić,850.00,Klett
Likovna kultura,Udžbenik 7 - Filipović,850.00,Klett
Fizika,Udžbenik 7 - Nešić,"1,090.00",Vulkan
Fizika,Zbirka zadataka 7 - Nešić,950.00,Vulkan
Ruski jezik,Udžbenik 7 - Naš  klass 3 - Nikolić,739.20,Zavod
Ruski jezik,Radna sveska 7 - Naš Klass 3 - Nikolić,495.00,Zavod
Matematika,Udžbenik 7 - Jelić,"1,100.00",Gerundijum,https://www.gerundijum.rs/opisst.php?id=12711201
Matematika,Zbirka zadataka 7 - Jelić,"1,100.00",Gerundijum,https://www.gerundijum.rs/opisst.php?id=12712301
Informatika i računarstvo,Udžbenik 7 - Aleksić,"1,100.00",Eduka
